identifier,name
edoardostoppaofficial,Edoardo Stoppa
alessiamarcuzzi,Alessia Marcuzzi
beb.ounce,BEBA
la_setta_dei_poeti_estinti,La Setta dei Poeti estinti
vale.exposito,Valentina Esposito
dio,Il Dio di Instagram
adua.del.vesco,Rosalinda CannavoÌ€
gallobelotti,Andrea Belotti
fabiocannavaroofficial,ğŸ‡®ğŸ‡¹Fabio CannavaroğŸ‡®ğŸ‡¹
piergollo,Pierluigi Gollini ğŸ‘‘
corriere,Corriere della Sera
skysport,Sky Sport (Italia)
ghetto_trash,Ghetto Trash
virginia.stablum,VIRGINIA STABLUM
matildebrandireal,Matilde Brandi
i_casi_persi,i casi persiâ„¢
chaterinequaratino,Chaterine Quaratino
miti_da_sfatare,Miti Da Sfatare
puccirealofficial,Baccanandrea
maria_grazia_cucinotta,MariaGraziaCucinotta Official
officialsscnapoli,SSC Napoli
fattoincasadabenedetta,Benedetta Rossi
paolaturani,PAOLA TURANI
gliautogol,Gli Autogol
chefaticalavitadabomber,CHE FATICA LA VITA DA BOMBERÂ®
barbaracarmelitadurso,Barbara d'Urso
inter,Inter
chiamarsibomber,Chiamarsi Bomber
calciatoriignoranti,Calciatori Ignoranti
marcomontemagno,Marco Montemagno
_quelsorrisomessocomescudo___,t u m b l r ğŸ’
bloccalo,Bloccalo
salvatoreesposito,Salvatore Esposito
gildaambrosio,Gilda
insanitypage,Insanity Page
caterinabalivo,Caterina Balivo
nancy_brilli_ufficiale,âœ¨Nancy Brilliâœ¨
fabriziocoronareal,Fabrizio Corona
ciakclub,CiakClubâ„¢
crazylittlecat007,Giusi
bakayoko_official14,TiemoueÌ Bakayoko 14 ğŸ‡¨ğŸ‡®ğŸ‡«ğŸ‡·
onfirebae,RAP ONFIREğŸ”¥
fabiofogna,Fabio Fognini
marek_hamsik_17_official,Marek HamsÌŒiÌk
brunovanzan_official,Bruno Vanzan
chiarabiasi,Chiara Biasi
danielre,Daniele Zaccone
marcobianchioff,marcobianchiOff
ioteeilmare,MARZIA SICIGNANO
pane_amore_eserietv,Pane_amore_eserieTV
checcadt,FRANCESCA DEL TAGLIA
ansiatotale,Ansia Totale
gina_cianni,â¤ Gina ğŸ˜
gabrieleparpiglia,Gabriele Parpiglia
commenti_memorabili,Commenti Memorabili
saraquattrociocche,Sara Quattrociocche
siicomebob,ğŸ”¥ğŸ’•Meme e VideoğŸ’•ğŸ”¥
paodb,Paola Di Benedetto
serenarossiofficial,Serena Rossi
jolefiore,Jolanda De Rienzo
striscialanotizia,Striscia la notizia
francescadeandre,Francesca De AndreÌ
giorgioalfieri_industry,Giorgio  Alfieri
poivorrei,poivorrei
nonsonobellomaspaccio_official,Non sono bello ma spaccio
cesarecremonini,cesarecremonini
marynaofficial,Maryna
filmdavedereprimadimorire,Film da vedere prima di morire
marcellobarenghi,Marcello Barenghi
francescaciprianiofficial,Francesca Cipriani D'Altorio
leperledipinna,A. Andrea Pinna
frasi_king,Frasi King
movimento5stelle,MoVimento 5 Stelle
movimento5litri,Movimento 5 Litri
valeyellow46,Valentino Rossi
vanityfairitalia,Vanity Fair Italia
chiarainpentola,Chiara Maci
ligabue_official,Luciano Ligabue
lercio.it,Lercio
giuliettacavaglia,GC   ğŸ’ƒğŸ» gÎ¹Ï…â„“Î¹Ñ”Ñ‚Ñ‚Î± Â¢Î±Î½Î±gâ„“Î¹Î±
carlotta.rubaltelli,Carlotta Rubaltelli
raoulbovagram,Raoul Bova
vittoriaottaviano,vittoria ottaviano
quelmomento,QMIC | Unica Pagina Ufficiale
margheritamolinari_,Margherita Molinari
enricomentana,Enrico Mentana
muri_puliti_popoli_muti,Muri Puliti Popoli Muti
riccardo__bosio,RICCARDO BOSIO
sabrinasalernofficial,SABRINA SALERNO OFFICIAL
martina_bantik,ğŸ€ BANTIK ğŸ€ Martina M.
patrickcutrone,Patrick Cutrone
rebecca.orsolini,ğ‘…ğ‘’ğ‘ğ‘’ğ‘ğ‘ğ‘ ğ‘‚ğ‘Ÿğ‘ ğ‘œğ‘™ğ‘–ğ‘›ğ‘–
valentinaferragni,Valentina Ferragni
mrmancini10,Roberto Mancini
angela___costa,Angela_Costa
martizanfi,Martina Zanfi
fotografie_della_storia,Fotografie Della Storia
valliludovica,Ludovica Valli
angelacaloisi,Angela Caloisi
ilbaffogram,Giulio Mosca
elenasofiaricci_officialpage,Elena Sofia Ricci OfficialPage
vaginatarianoofficial,Io Sono Vaginatariano
giottocalendoli,Giotto Calendoli
siamoragazze,Siamo Ragazze ğŸ™‹ğŸ»â€â™€ï¸
insegreto_it,insegreto - ufficiale
radiodeejay,Radio DEEJAY
cookist,Cookist
larepubblica,la Repubblica
docciandosi,Docciandosi
carlottafiasella,Carlotta Fiasella Garbarino
robertazacchero,ğŸŒ•ğŸŒ–ğŸŒ—ğŸŒ˜ğŸŒ‘ğŸŒ’ğŸŒ“ğŸŒ”ğŸŒ•
gio_evan,Gio Evan
mari_princess,Marina Evangelista
_barbara_90,BARBARA FUMAGALLI ğŸ‡®ğŸ‡¹
teresalangella___,TereÑ•a Langella
charles_bukowski_citazioni,Frasi di Bukowski e non soloğŸš€
massimo_bisotti,Max_ î”
anna_spase,Anna Spase ğŸ’
naikerivelli,Naike Rivelli
erikacrestini,ğ‘¬ğ’“ğ’Šğ’Œğ’‚ ğ‘ªğ’“ğ’†ğ’”ğ’•ğ’Šğ’ğ’Š
grandefratellotv,Grande Fratello
musetti_animaletti,musetti
gaia_de_vil,Gaia De VilğŸ–¤
soniaperonaci,Giallozafferano Founder
susy5054,Susy Coppola
cosenoncose,Cose Non Cose
matteosalviniofficial,Matteo Salvini
teresannabellambriana,Teresanna Pugliese
antogiovinazzi99,Antonio Giovinazzi ğŸ‡®ğŸ‡¹
bonuccileo19,Leonardo Bonucci
lucavezil,Luca Vezil
udinesecalcio,Udinese Calcio
biancaatzei,Bianca Atzei
_martinaditommaso_,MartinağŸ”¥
cristinachirichella10,Cristina Chirichella
lacoquetteitalienne,Maria Rosaria Rizzo
tumblr.it,tumblr.
redazioneiene,Le Iene
ed_dzeko,Edin Dzeko
giannispertiofficial,GIANNI SPERTI
mattiabonavida,Mattia Bonavida
nilufaraddati,Nilufar
rizzardi_giulia,Giulia Rizzardi
massimilianomorra_official,Massimiliano Morra
nascecresceignora,NASCE CRESCE IGNORAÂ®
mady_gio,MaÌ†daÌ†lina Ioana Filip
droghiere,Droghiere
ambra.cottii,AMBRA COTTI
giadabrince,ğŸ”œ G I A D A  B R I N C E  ğŸ”™
lelegiaccari,lele
silvioberlusconi_official,Silvio Berlusconi
simonerugiati,Simone Rugiati
giuliamannuccii,giulia mannucci
lucacapuanofficial,Luca Capuano
marcomelandri33,Marco Melandri
geriniclaudia,Claudia Gerini
nicolaspaolizzi,Nicolas Paolizzi
veronica_maya_,Veronica Maya
realmrvalentino,Valentino Garavani. VALENTINO
tonycolombotv,Tony Colombo Official
alessandragilioli,Alessandra Gilioli
fede_greg,Federico Gregucci
sofia_cerio,sofia
sapore.di.male,Sapore di male
driesmertens,Dries Mertens
marcoborriello,Marco Borriello
paolinoruffini,Paolo Ruffini
ghoulam.faouzi,Ghoulam Faouzi
xiuder,ğŸ”¥Codice: XIUDERONE
elisabettagalimi,Elisabetta Galimi
mrancelotti,Carlo Ancelotti
cremaschina,Laura Cremaschi
ariannacianfri1,Arianna Cianfrocca
will_ita,WILL
giacomourtis,Giacomo Urtis
spnlnv,Luciano Spinelli
tommycassi,Tommaso Cassissa
antoninochef,Antonino Cannavacciuolo
elisabettafranchi,Elisabetta Franchi
verofedo,Veronica Fedolfi
fbernardeschi,Federico Bernardeschi
ginevralambruschi,Ginevra Lambruschi
valentinavignali,VALENTINA VIGNALI
ma.pina,Camilla Mangiapelo
legolize_official,Legolize
rompipallone.it,Rompipallone.it
eleonorabrunaccidivaio,Eleonora Brunacci Di Vaio
gabrielevagnato,Gabriele Vagnato
giuliasalemi_real,GIULIA SARA SALEMIğŸ¦
ludovicabizzaglia,Ludovica Bizzaglia
fortunatocerlino,Fortunato Cerlino
fiorellamannoia,Fiorella Mannoia
alice_denicola,alice_denicola
gordonreal,Gordon
saracroce98,Sara CroceğŸ’–
manilagorio_official,Manila Gorio
fabioquagliarella27_official,Fabio Quagliarella
laurabarriales,Laura Barriales
florenzi,ALESSANDRO FLORENZI
juls.bi,ğ‘®ğ’Šğ’–ğ’ğ’Šğ’‚
s7ormyofficial,S7ORMy - Matteo Valente
raffaellamennoia,RAFFAELLA MENNOIA
giuliapaglianiti,É¢Éªá´œÊŸÉªá´€ á´˜á´€É¢ÊŸÉªá´€É´Éªá´›ÉªğŸ
marikafruscio10,Marika Fruscio
raffagiu_,RaffaelaGiudice
antoniocairoli,Tony Cairoli
amiciufficiale,Amici Official
gianluigibuffon,Gianluigi Buffon
vanillagirl_86,Cristina Chiabotto
zaiaufficiale,Luca Zaia
francescototti,Francesco Totti
riccardodose,Riccardo DoseğŸ˜
syriaofficial,Syria
tmlplanet,TML
essemagazine,ESSE MAGAZINE
bionditudo,Giulia Latini
biancaguacceroreal,Bianca Guaccero
jennyferlady,jennyferlady
mb459,Mario BalotelliğŸ‡®ğŸ‡¹ ğŸ‡¬ğŸ‡­ğŸ‘¨â€ğŸ‘§â€ğŸ‘¦ğŸ¦
nancycoppola86,Nancy Coppola
gpasotti,Giorgio Pasotti
alpha_man_real,Alpha Man Official
linus_dj,Linus
vismaramartina,á·áªá¡á¢á†Náª
alpha_woman_official,Alpha Woman
natyparagoni,NATALIA PARAGONI
pierluigipardo,Pierluigi Pardo
comixofficial,Comix
vascorossi,Vasco Rossi
mjmemi,Mercedesz Henger
licianunez,Licia Nunez
dilettaleotta,ğŸŒ¸Diletta LeottağŸŒ¸
alessandrodelpiero,Alessandro Del Piero
scuolazoo,ScuolaZoo
xfactoritalia,X Factor Italia
loredanaberteofficial,Loredana
francescosole,Francesco Sole
rds_official,RDS 100% Grandi Successi
leonardo_pieraccioni,leonardo_pieraccioni
nicomadonia,Nicola Madonia
astolwho,Astol
veronica_giomini,VERONICA GIOMINI
mariotestino,MARIO TESTINO
ledonatellaofficial,DONATELLAğŸ§ğŸ”¥TERAPISTEğŸ˜â€¢
lapresatwinss,William & Nicholas
monybertini,Monica Bertini
milaneseimbruttito,Il Milanese Imbruttito
annafalchi22,ğ‘¨ğ’ğ’ğ’‚ ğ‘­ğ’‚ğ’ğ’„ğ’‰ğ’Š
antonellaeliatv,Antonella Elia
chiaraferragni,Chiara Ferragni âœ¨
filippobisciglia,Filippo Bisciglia
emanueleferrari,Emanuele Ferrari
paolomaldini,Paolo Maldini
eleonoraincardona,Eleonora Incardona
tumblrilmiomondo,Le Frasi
andrealarossa,Andrea Delogu
enzo_salvi,Enzo Salvi
stefaniainnocentini,Stefania Innocentini
federicaparlato01,Federica Parlato
amoreadistanzaofficial,Amore a distanza
francescasofianovello,FRANCESCA SOFIA NOVELLO
nanatears,MARIANA ARESTA DA ROCHA
ignaziomoser,Ignazio Moser
vincenzodeluca,Vincenzo De Luca
mattia_marciano,mattia marciano ğŸŒ¹
gianlu.impastato,Gianluca Impastato
azzurri,Nazionale Italiana di Calcio
rosaperrotta__,ï¼²ï½ï½“ï½
rovinare_rapporti,Rovinare rapporti.
freddepalma,Fred De Palma
instasio,Simone Albrigi - Scottecs Sio
diegodaddi,Diego Daddi
ezio_greggio,Ezio Greggio
lorinsigneofficial,Lorenzo Insigne
eancheoggisirimorchiadomani,Anche Oggi Si Rimorchia Domani
boomfriendzoned,BOOM. Friendzoned.
lefotochehannosegnatounepoca,LeFotoCheHannoSegnatoUn'epoca
verissimotv,Verissimo
edesubitoex,Ed Ã¨ subito Ex
al.ta.cucina,Al.ta Cucina
paolacarusoofficial,â˜…å½¡ Paola Caruso å½¡â˜…
biagioantonacci,Biagio Antonacci
thepozzolisfamily,The Pozzolis Family
thekolors_stash,THE KOLORS
pippoinzaghi,Filippo Inzaghi
ireneccloset,Irene Colzi | Irene's Closet
gigiodonna99,Gianluigi Donnarumma
giorgiameloni,Giorgia Meloni
marco_verratti92,Marco Verratti
cristianacapotondi,Cristiana
andriyshevchenko,Andriy Shevchenko
pow3r,Giorgio Calandrelli
grazielladantoni,Graziella D'Antoni
veroangeloni,Veronica Angeloni
bravoalvin,ALVIN
elisaisoardi,Elisa Isoardi
stefanodemartino,Stefano De Martino
kostasmanolas44,Kostasmanolas
accountciclo,Ë—ËË‹lâ€™incubo di ogni ragazzaËËŠË—
megghiigalo,Megghi Galo
andreapirlo21,Andrea Pirlo Official
ileniamunaretto,ğˆğ¥ğğ§ğ¢ğš | ğ‹ğ¢ğŸğğ¬ğ­ğ²ğ¥ğ ğğ¥ğ¨ğ ğ ğğ«
ominobu,Francesco Samele | OminoBu
rosyperrotta,Rosy ğŸ¾
missclaudiaruggeri,Claudia Ruggeri
giuseppeconte_ufficiale,Giuseppe Conte
freeda,Freeda
internazionale,Internazionale
ramazzotti_eros,Eros Ramazzotti
brunobarbieri_chef,Barbieri Chef
ciroimmobile17,Ciro Immobile
pioeamedeo83,Pio e Amedeo
massimoboldi,Massimo Boldi Original
alessandro_matri_32,Alessandro Matri
sonia_grey3008,ğŸŒğš‚ğ—ˆğ—‡ğ—‚ğ–ºğ–¦ğ—‹ğ–¾ğ—’ğ–®ğ–¿ğ–¿ğ—‚ğ–¼ğ—‚ğ–ºğ—…ğŸŒ
ceciliacapriottichic,Cecilia Capriotti
karolinasurpi,Karolina âœ¨
viceitaly,VICE Italia
luche_official,Luche
storiebjngo,â›benvenuti su storiebjngo ğŸ¯ğŸ’âœ
franceskapepe,Franceska Pepe
robertosaviano_official,Roberto Saviano
darkpologang,DPG
simonaventura,Simona Ventura
andreagaleazzi,Andrea Galeazzi
officialasroma,AS Roma
marcellosacchetta,Marcello Sacchetta
leogass.official,Leo Gassmann Official
francescadallape,Francesca DallapeÌ€
fede_nargi,federica nargi
luigimastrangeloofficial,Luigi Mastrangelo
laurachiatti82,Laura Chiatti
veronicaburchielli,Veronica
luigi.di.maio,Luigi Di Maio
soniabrugi,Sonia Bruganelli
christianvieri,Christian Vieri
realenzuccio,Enzuccio
ilvenetoimbruttito,Il Veneto Imbruttito
carmela_cavaliere_,CarmelaCavaliere
matteorenzi,Matteo Renzi
vallibeatrice,BEATRICE VALLI
briatoreflavio,Flavio Briatore
marcoboccireal,marcoboccireal
andreapetagna,ANDREA PETAGNA
damiano_er_faina,Damiano Er Faina
federico_fashion_style,Federico Fashion style
giorgia_ru,ğŸ–¤ ğ•²ğ–ğ–”ğ–—ğ–Œğ–ğ–† ğ•½ğ–šğŸ–¤
pastorizianeverdiesreal,Pastorizia Never Dies
marcofantini_mf,Marco Fantini
antoclerici,Antonella Clerici
valeriamarini,ğŸŒŸVALERIAâœ¨MARINIğŸŒŸâ¤ï¸ğŸŒŸğŸ’‹ğŸŒŸğŸ’‹ğŸŒŸğŸ‡®ğŸ‡¹
gianlucadigennarofficial,Gianluca Di Gennaro
cribuccino,Cristina Buccino ğŸ‡®ğŸ‡¹
j0k3r,Simone Alessandrini
ilsole_24ore,Il Sole 24 ORE
taylor_mega,â™› Taylor MEGA â™›
5mariamazza,Maria Mazza
about_riki,Riccardo Marcuzzo
francescoarcaofficial,Francesco Arca
nickelodeonit,Nickelodeon Italia
rudy_zerbi,rudy_zerbi
ziaflavia_foodnboobs,Zia Flavia Foodn'Boobs
calciatoribrutti,CALCIATORIBRUTTI
giuliagaudino,Giulia Andrea Gaudino
fabiodevivo,Fabio De Vivo
patriziorispo,patriziorispo
clementinoiena,CLEMENTINO
trash_italiano,Trash Italiano
elenariz,Elena Rizzello
andreamaggi1,Andrea Maggi
alicecerea,Alice Cerea
virginiavarinelli,Virginia Varinelli
elenanicolp,Elena Nicol Pasqualotti
carmenlabruna,carmenlabruna_official
iam.rouge,Nicole Rossi ğŸ”´
micolazzurro,Micol Azzurro
cristina__marino,Cristina Marino
alice.debortoli,Alice De Bortoli
chefdamianocarrara,Chef Damiano Carrara
zaytsev_official,Ivan Zaytsev
stefanopollari,STEFANO & ILARY ğŸŒ¸
marianodivaio,Mariano Di Vaio
eleonoragaggero,Eleonora GaggeroğŸ‘¼ğŸ»
alicebertoletti.1,Alice Bertoletti
karinacascella,Karina CascellağŸ¤
marchisiocla8,Claudio Marchisio
noemifrere,Noemi FrereÌ€
leonardodecarli,Leonardo Decarli
malena.official,Malena Nazionale ğŸ‘
fattisfatti,Fatti SfattiÂ®
luanaswami,Luana
angelicamasseraofficial,ğ—”ğ—»ğ—´ğ—²ğ—¹ğ—¶ğ—°ğ—® ğ— ğ—®ğ˜€ğ˜€ğ—²ğ—¿ğ—®
sonolamadame,madame
carmenjorda,Carmen Jorda
juventus,Juventus
littlecrumb_,Elisabetta Canalis
virginiaraggim5s,Virginia Raggi
giopalmas82,Giorgia Palmas
theshowisyou,theShow
alessandro.borghi,Alessandro Borghi
danilocapri,ğ•¯ğ–†ğ–“ğ–ğ–‘ğ–” ğ•®ğ–†ğ–•ğ–—ğ–
veroruggeri,VERONICA RUGGERI
idressitalian,Vincenzo Girasoli
martina__rando,Martina Rando
uominiedonne,Uomini e Donne
justineelizabethmattera,Justine Mattera
bennigargari,Benedetta Gargari
martinademora,martinademora
yotobi,Karim Musa
marcella_niespolo,ğŒğšğ«ğœğğ¥ğ¥ğš ğğ¢ğğ¬ğ©ğ¨ğ¥ğ¨
giuliagrassoofficial,giulia
ursulabennardo,Ursula
annacolucci_official,ğ€ğğğ€ ğ‚ğğ‹ğ”ğ‚ğ‚ğˆ
netflixit,Netflix Italia
veronicaferraro,Veronica
marcomazzoliofficial,Marco Mazzoli
luca.daff,LUCA DAFFREÌ€
fraferragni,Francesca Ferragni
estetistacinica,Cristina Fogazzi
senzatruccoyoutube,Gaia
paolociavarro,Paolo Ciavarro
francesco_montanari_official,Francesco Montanari
instavalentinanappi,Valentina Nappi
francescogabbani,Francesco Gabbani
nicolettareggio,nicoletta reggio
elenasantarelli,Elenasantarelli
martina_di_maria_official,Martina Di Maria
cliziaincorvaia,Clizia Incorvaia
pugliesina86,Ippolita
letiziapinella,letiziapinella
christianmusella_real,Christian Musella
borgheseale,Alessandro Borghese Official
kikkafede88,Federica Pellegrini
riccardotisci17,Riccardo Tisci
arimontefiori,Arianna montefiori
giuseppegiofre,Giuseppe GiofreÌ€
iammichelemorroneofficial,Michele Morrone
selvaggialucarelli,Selvaggia Lucarelli
fabio_colloricchio,Fabbio
lara.rosiezorzetto,Lara Rosie áƒorzetto
casasurace,Casa Surace
massimobottura,Massimo Bottura
carolinacasiraghioff,Carolina Cristina Casiraghi Â®ï¸
chiarapassion,Enrica Panariello
ros4bla,Rosalba Andolfi
theoptimisticapple,The Optimistic Apple
buonanotteluna,ğŸŒ™ Beatrice NEMIO
elenoirec,Elenoire Casalegno
zoemassenti_,Zoe Massenti
urbantheory_,Urban Theory Official Page
adolescenza.official,Adolescenza Official
vallieleonora_,Eleonora Valli
giuliadelellis103,Giulia
loredana_milano,Loredana ğŸ’
annatatangeloofficial,Anna Tatangelo
stefanolepri,St3pNy
fabiolacimminella,Fabiola Cimminella
noa_planas,NOAâ˜€ï¸ï¸
diesel,Diesel
nicolemazzocato,Nicole
sferaebbasta,$â‚¬ ğŸ‡®ğŸ‡¹ğŸ“ˆ
kessyemely,Kessy e Mely
alicecampello,Alice Campello-Morata
ameliaeffei,Amelia Fiore
vabbe.it,VabbeÌ€
chiaryclaire,Chiara Ossola
lino_guanciale_official,Lino Guanciale
instagrax,Davide Grax
elisatoffoli,ELISA TOFFOLI Official
federidotto,Federico Dotto
alessiosakaraofficial,Alessio Sakara
ermalmetamusic,Ermal Meta
mskostner,Carolina Kostner
nastilove,Chiara Nasti
ragazzapsicopaticaa,Ragazza Psicopatica Â©
margaretdallospedale,Margaret Dallospedale (Maggie)
cristinadavenaofficial,Cristina D'Avena
ividalz,Ivi-dalz _Official
rossellamigliaccio_,Rossella Migliaccio
iamsimonenolasco,Simone Nolasco
belenrodriguezreal,Maria Belen
ivana_mrazova,ğˆğ¯ğšğ§ğš ğŒğ«ğšğ³ğ¨ğ¯ğš ğğŸğŸğ¢ğœğ¢ğšğ¥
veronicapeparini,Veronica Peparini
muller_andreas,Andreas
therealgue,GueÌ€ Pequeno
kappaliciousreal,kappaliciousreal
clarissamarchese,Clarissa Marchese
frafacchinetti,Francesco Facchinetti
serenapuppo_,ğ‘  ğ‘’ ğ‘Ÿ ğ‘’ ğ‘› ğ‘ ğŸ¤
giuseppe__barbuto,Giuseppe Barbuto
achilleidol,ACHILLE LAUROÂ®
barbascura_x,Barbascura X
fumettibrutti,Josephine Yole Signorelli
roshellemusic,Ğ¯â™¡Sh
valevedovatti,Valeria Vedovatti â™•
vogliadifuggire,Voglia Di Fuggire
ila0203,Ilamakeup02
elenamoralireal,Elena Morali
elenagiadaa,Giada Albani
oksdane,Oks âœ¨
luis_sal,Luis Sal
ludovicapagani,LUDOVICA PAGANI
camihawke,Camihawke
andreascanzi,Andrea Scanzi
lookatsascha,Sascha Burci - Anima
chechurodriguez_real,Cecilia Rodriguez
maddalena.sarti,Maddalena Sarti
ipanpers,PanPers
lallaemme,â €â €â €â €â €â € â €â €â €â €â€¢ Laura Matucci â€¢
_the_jackal,the Jackal
melitatoniolo,MELITA TONIOLO
alicedetogni,Alice
mrdanielmakeup,M R D A N I E L
zaampzh,Andrea Gianfranceschi
mirianatrevisan,Miriana Trevisan
elliiallii,Enrica
gabesposito,Gabriele
amami,Amami â¤
larosa_sw,Andrea Larosa
paolonoise,Paolo Noise
lucaonestini_11,Luca Onestini
la_mainoo,ELISA MAINO
samanthadegrenet,Samantha de Grenet
subdued,Subdued
yelenadahlia.official,ğ—¬ğ—˜ğ—Ÿğ—˜ğ—¡ğ  ğ—©ğ ğ—¡ğ—˜ğ—¦ğ—¦ğ  ğ——ğ ğ—›ğ—Ÿğ—œğ 
giordano_mazzocchi10,Giordano Mazzocchi
diabentley,ğ““ğ“²ğ“ªğ“·ğ“ª ğ“‘ğ“ªğ“«ğ”‚ğ“·ğ“ª
filippalagerback,Filippa Lagerback
who.is.angelina,angelina ğŸª
babykmusic,Baby K
benedettamazza,Benny ğŸŒˆ
andreadepaoli,Andrea De Paoli
adbfit,Alberto Di Bartolomeo
_alessiamessina_real,Alessia Messina
cicciogamer_89,CiccioGamer89
elepetrella,ELEONORA PETRELLA
deborahneri12,Deborah Neri
federica_pacela,Federica Pacela
anna.divittorio,Anna Di Vittorio
himorta,Antonella Arpa
influguenzer,Lodo Guenzi
amedeoprecious,Amedeo Preziosi
coraemarilu,Cora&MariluÌ€
ludovicamf,ludovica meral frasca faricy
ill0gic0,Claudio Midolo
officialnetflics,NETFLICS
adrianavolpereal,Adriana Volpe
valebigella,Valeria Bigella
ludosauer,LUDOVICA SAUER
antonellamosetti,Antonella Mosetti  ğŸ€ğŸ€ğŸ€ğŸ€ğŸ€
therealmartinastella,Martina Stella
micololivieri_,Micol Olivieri
tiktok_it,TikTok Italia
alina_schiano,ALINA SCHIANO
rossellamarta,Rossella Martucci
marziadifrancesco,Marzia Di Francesco
jessjcajayreal,ğŸ‘‘ JESSICA GIOVANE ğŸ‘‘ JessjcaJay
negramaroofficial,negramaroofficial
mafds,Mafalda De Simone Official
la_pauselli,ğ†ğ¢ğ®ğ¥ğ¢ğš ğğšğ®ğ¬ğğ¥ğ¥ğ¢
cortomiraggi,Cortomiraggi
sissiottostyle,Simona Bertolotto
laurapausini,Laura Pausini Official
fabriziomoropage,Fabrizio Moro
annasafroncik,Anna Safroncik
ernstknam,Ernst Knam
real_brown,Emma Marrone
chiarasbardellati,CHIARA SBARDELLATI
pinocorinnee,CORINNE PINO
ziabene,Benedetta Parodi
giuse_laguardia,GIUSEPPE LAGUARDIA
mara_venier,Mara Venier
hoara_borselli,ğŸ‡®ğŸ‡¹ğŸŒ¸Hoara Borselli ğŸ‡®ğŸ‡¹ğŸŒ¸
joridelli,ğŸŒºJori DelliğŸŒº
serena_autieri,Serena Autieri
realmaramaionchi,Mara Maionchi
effesaviano,Federica Saviano
pintus21may,Angelo Pintus
giusy_rizzo_fashion,Giusy Rizzo â¤ï¸ğŸ’‹ğŸ
giovannimuciaccia.official,Giovanni Muciaccia
katioska76,Katia Follesa
frankmatano,Frank Matano
artetecaofficial,Arteteca Monica e Enzo
elenasottana,ğŸ”¥ Elena Sottana ğŸ”¥
gemma.galgani,Gemma Galgani
valerie_fitness_,Valerie Casto
devispaganelli,Devis Paganelli
melissamonella,melissamonella
rossbrescia,Rossella Brescia
ilcollegioufficialerai,IL COLLEGIO
isoldispicci,I Soldi Spicci
martinaragozza,â˜€ï¸M à¸„ Ğ³ t à¹€ à¸  Aâ˜€ï¸
nicla_moccia_,â™ ï¸ á´ºá´µá¶œá´¸á´¬ á´¹á´¼á¶œá¶œá´µá´¬  â™ ï¸
giordanaangi,GIORDANA ANGI
elisataviti,E L I S A  T A V I T I
veronicacapitelli,ğ—©ğ—˜ğ—¥ğ—¢ğ—¡ğ—œğ—–ğ—”
emanuelafolliero_official,Emanuela Folliero
erjona_sulejmani,Erjona Sulejmani
ricettedalmondo.it,MARIANNA PASCARELLA
torrisilaura,Laura Torrisi
apriteilcervello,Sveglia ItaliağŸ§ 
testadichezzo,UNIVÆRSO CHÆZZOğŸ’•
valentinasiragusa,Valentina Siragusa
giulscarano,GIULIA MARIA SCARANOğŸ§šâ€â™€ï¸
spina_leo,Leonardo Spinazzola
marcotognitokyo,Marco Togni
stevenzhang91,Steven Zhang
volofabio,Fabio Volo
cartonimorti,Andrea Lorenzon
therealhunzigram,Michelle Hunziker
cristianomalgioglioreal,Cristiano Malgioglio
carolcrasher,Carolina Crescentini
julianamoreiraofficial,Juliana Moreira-Stoppa
maryfalconieri,Maria Falconieri
vippanzaa,Vippanza
barbarapedrotti,Barbara Pedrotti
mirimeo,miriam leone
lucianinalittizzetto,Luciana Littizzetto
aliceperrella,Alice Perrella
vinicio_marchioni,Vinicio Marchioni
levanteofficial,L E V A N T E
morandi_official,Gianni Morandi
desiree_ragusaofficial,DesirÃ¨e Ragusa
carloconti.tv,Carlo Conti
martycolombari,Martina Colombari
paolaperego17,Paola Perego
castrito81,Martin Castrogiovanni
ele.rc,ğ—˜ğ—Ÿğ—˜ğ—¢ğ—¡ğ—¢ğ—¥ğ—” ğ—¥ğ—¢ğ—–ğ—–ğ—›ğ—œğ—¡ğ—œ ğŸ¥€âš¡ï¸
vanessa_incontrada,Vanessa Incontrada
normasteaching,Community ğŸŒ€5 minutes a day âœ¨
filomagno82,Filippo Magnini
alicebasso,ALICE BASSOğŸ§œğŸ»â€â™€ï¸
gessicanotaroreal,GESSICA NOTARO
cliomakeup_official,Clio
federicafontana,ğŸ§˜ğŸ¼â€â™€ï¸Federica FontanağŸ§˜ğŸ¼â€â™€ï¸
paolostella,Paolo ğŸŒŸ Stella
paolobelli_official,Paolo Belli
ribelle___87,RIBELEğŸ”¥_87
lucaargentero,Luca Argentero
stefaniaorlando1,Stefania Orlando
bastardidentro,BastardiDentro
maionerossella2,maionerossella
paolamarella,Paola Marella
nicosavi,Nicola Savino
candela_________,Candela Pelizza
alysiapiccamiglio,ALYSIA PICCAMIGLIOğŸŒ¸
gracia_de_torres,Gracia de Torres Vargas
emma.mezzadri,âœ¨ Emma Mezzadri âœ¨
marymilano,MariğŸŒŸ
carlopinsoglio,Carlo Pinsoglio
lacindina,ğ‚ğˆğğƒğ˜ ğ’ğğ‹ğƒğŸ¦‹
gazzelle__,GAZZELLE
gianmarcozagato,Gianmarco Zagato
mike_showsha,Federico Betti - MikeShowSha
eleonorapedron,Eleonora Pedron
frank_gramuglia_official,Frank Gramuglia
ab_ambra,Ambra
xmurryofficial,Giorgio Muratore
ilvostrocarodexter,Luca Denaro
marta.losito,MartağŸŒ¹
vittoriadeganello,Vittoria
gianmarco_rottaro,So.GianğŸŒ¹
gabrielgarko_official,Gabriel Garko
giampytek,Pietro Prestigiacomo
margheritazanatta,Lá´€ Má´€Ê€É¢Êœá´‡
sodin,Davide Sodano - Sodin
fedez,FEDEZ
jonnycutuli,JONNY CUTULI
laurafreddiofficial,Laura freddi Official
serenaenardu,ğ“¢ğ“®ğ“»ğ“®ğ“·ğ“ª ğ“”ğ“·ğ“ªğ“»ğ“­ğ“¾ âœ¨
tommxso,TOMMASO BENEDETTI
moise_kean,Moise kean ğŸ¦
sofiacrisafullii,ğ”°ğ”¬ğ”£ğŸ‘¸ğŸ»
instarohn,Matteo
iammura_,MuraA
aurorabaruto,â˜˜ï¸ AURIX â˜˜ï¸
bossdoms,BOSS DOMS
blurs7,Gianmarco Tocco ğŸ
giolucini,Giorgia Lucini
costy_caracciolo,Costanza CaraccioloğŸ’ğŸ‡®ğŸ‡¹
cleotoms,CLEO
georgeciupilan,George Ciupilan
montovoli,Andrea Montovoli
4calamano,4CALAMANO
martinaluchena,Martina Luchena
nunziacillo,Nunzia Cillo
emmamuscat_official,Emma Muscat
andreamelchiorre1,Andrea Melchiorre
veryinutilpeople.it,VeryInutilPeople
adrianaspink,ADRIANA SPINK
antonio.medugno,ğ‘¨ğ‘µğ‘»ğ‘¶ğ‘µğ‘°ğ‘¶ ğ‘´ğ‘¬ğ‘«ğ‘¼ğ‘®ğ‘µğ‘¶ â€¢
chiarafrancini,Chiara Francini
lorenzo.riccardi17,LORENZO RICCARDI ğŸ
giulymol,GIULIA MOLINO
francescapiccinini12,Francesca Piccinini
rapuanomarisa,Marisa Rapuano official
maxoddo76,Massimo Oddo
_labadessa,Mattia Labadessa
claudiadionigi,Claudia
gaiaofficial,Gaia
maurositura,Mauro Situra
francescatocca,Francesca Tocca
sbriser_,Francesco Sanfilippo
alicelikeaudrey,Alice Venturi
andreaiannone,Andrea Iannone
misskatia,Katia Pedrotti
beatricebulferetti,Beatrice Bulferetti
antonelladebenedictis331,Antonella  ...no directğŸ‡¨ğŸ‡´ğŸ‡®ğŸ‡¹
djmanuelcoby,Dj Manuel Coby
jogiorgiajo,Giorgia Gabriele
zanoxvii,Cristiano Spadaccini
jessicabrugali,Jessica Brugali
s.brunello,Silvia Brunello
jackvanore,JACK VANORE
silvietta_raffa,Ñ•Î¹lvÎ¹a raÒ“Ò“aele oÒ“Ò“Î¹cÎ¹al
la.superjey,jessica zanazzi
chiaracarcano,Chiara Carcano
roscannavoreal,Rosaria CannavoÌ€ğŸ‡®ğŸ‡¹
stewel92,Stephan El Shaarawy
illmostro,Mostro
valentinamarzullo,Vá´€ÊŸá´‡É´á´›ÉªÉ´á´€ Má´€Ê€á´¢á´œÊŸÊŸá´
robertobolle,Roberto Bolle
naliannalisa,ANNALISA
aidayespica27official,ğ’œğ’¾ğ’¹ğ’¶ ğ’´ğ‘’ğ“ˆğ“…ğ’¾ğ’¸ğ’¶
octypfi,OCTY
sabrinaghio,S A B R I N A G.
rovazzi,Fabio Rovazzi
clotildesansonee,Cloeâ˜€ï¸ğŸŒˆğŸŒ»
manszelmerlow,MaÌŠns ZelmerloÌˆw
aurora_sheaves,ÊŸá´€ sÊœá´‡á´€á´ á´‡s
bonigiorgia,Giorgia Boni
alessiobernabei,Alessio Bernabei
danilodambrosioreal,Danilo D'ambrosio
morganofficial,"Marco ""Morgan"" Castoldi"
melissatanii,ğ‘€ğ¸ğ¿ğ¼ğ‘†ğ‘†ğ´ ğ‘‡ğ´ğ‘ğ¼ ğŸ’•ğŸ’…ğŸ»âœ¨
sofia_dallerive,Sofia Dalle Rive
sonia__lorenzini,Sonia Lorenzini
vanessapiazza89,Vanessa Piazza
benedetta_deluca,âœ¨Benedetta De Lucaâœ¨
comedyitalia,Comedy Central Italia
lenne_j,ğ¿ğ¸ğ’©ğ’©ğ¸ | ğ’«ğ’½ğ‘œğ“‰ğ‘œğ“‚ğ‘œğ’¹ğ‘’ğ“ã€¡ğµğ“ğ‘œğ‘”ğ‘”ğ‘’ğ“‡
saraaffifellaufficiale,S A R A
edoardoleo,Edoardo Leo
kokeshi.karen,Karen Casiraghi
antonellafiordelisi,ğŸŒ¸Antonella FiordelisiğŸŒ¸
annacirimbelli,Anna Cirimbelli
valentinufficiale,Valentin Alexandru Dumitru ğŸ‡·ğŸ‡´
giuseppefiorello,Giuseppe Fiorello
mollis3746,Irene Mollisi
vittoriosgarbi,VITTORIO SGARBI
gianlucavacchi,Gianluca Vacchi
erica_piamonte_real,ğ•°ğ–—ğ–ğ–ˆğ–† ğ•»ğ–ğ–†ğ–’ğ–”ğ–“ğ–™ğ–Š
ambravaliul,AMBRA G. VALIULYTEÌ€ï¸  âœ–ï¸âœ–ï¸âœ–ï¸
liaprofile,LIA
guendalinacanessa,Guendalina Canessa
bebe_vio,Beatrice Vio
elisadepanicis,Elisa Gold ğŸ¤â­ï¸
hirvinglozano,Ro Loz
mikelignayt,Michela Parisi
veronica.gaggero,Veronica Gaggero
nicolorobbiano,NICOLOÌ ROBBIANO
federicapaper,Federica Carta
aurora.cellii,AURORA CELLI
kimimatiasraikkonen,Kimi RaÌˆikkoÌˆnen
irama.plume,Irama
amorosoof,Alessandra Amoroso
ayoubelbub,ğ”¸ğ•ğ•†ğ•Œğ”¹ ğ”¼ğ•ƒ ğ”¹ğ•Œğ”¹
erika_boldrin,Erika Boldrin
call_me_bl4ir,BL4IR
danieletoretto,Daniele Toretto Scardina
elisabettagregoracireal,Elisabetta Gregoraci
nimabenati,Nima Benati
ambralombardo.official,Ambra Lombardo
matteopicarazzi,Matteo Picarazzi - Dread
mrrainofficial,Mr.Rain
jessicamelena,jessica Melena
aliceparise,Alice Parise
anita_giudici,ğŸ’‹ANITA GIUDICIğŸ’‹
lucianospalletti,Luciano Spalletti
diegogodin,Diego GodiÌn
martina_socrate,Martina Lavinia Socrate
marchettisimone,Simone Marchetti
nerinafrancesca,ğŸ’ Francesca Nerina ğŸ’
diodatomusic,Diodato
kiko_nalli_,KikoÌ Nalli
sarahnile,Sarah Ballantines Nile ğŸ’
alessio.romagnoli,Alessio Romagnoli
ohmyfred,Federico P.
scuruchi,Vincenzo Scuruchi
maneskinofficial,MaÌŠneskin
alepiereal,Ale & PieÌ
gaia_sab99,Gaia Sabbatini
giuliamatera._,Giulia Matera
beatrice.lorenzi,Beatrice Lorenzi
martina_sergi,ğŸŒ™ Martina
adrianobettinelli,Adriano Bettinelli
giulia_ferrarelli,Giulia Ferrarelli
ester_giordano,Ester Giordano
ninnaematti_official,Ninna e Matti
giuliabevi,Giulia Bevilacqua
francescachillemi___,FRANCESCA
marta_cerreto,Marta Cerreto
pinguini_tattici_nucleari,Pinguini Tattici Nucleari
enzomiccio,Enzo Miccio
ilpengwin,Kristian Pengwin
stefynazic,stefania saettone
melissasatta,Melissa Satta
daniele.davi,Daniele DaviÌ
luana_aterrano,Luana Aterrano Official
stefaniabattaglini,Stefania Battaglini
federicapanicucci,Federica Panicucci
elenadamario,Elena d'Amario
agg_ufficiale,"Aldo, Giovanni e Giacomo"
colapesce,colapesce
thetruegemitaiz,TheTrueGemitaizğŸŒ’
alice_lelli_,AL ğŸ–¤â™¥ï¸
carolinastramare_,Carolina Stramare
ladybb___,Barbara Bertagni
andreadamante,D A M A
elelocci,Eleonora Isabel Locci
marikaferrarelli,Marika Ferrarelli
fedeasso,asso
enricobrignano,Enrico Brignano
jessica_auricchio,Jessica Ilaria Auricchio
lunamelis,LunedduğŸ¦‹
bennipi,Benedetta Porcaroli
emilypallini,EmiluÌ€
laura.cudone,Laura Cudone
omarspaneshi,ğŒğ„ğ ğ…ğ€ğ’ğ‡ğˆğğ ğ’ğ“ğ˜ğ‹ğ„ | ğŸ‡¦ğŸ‡±ğŸ‡®ğŸ‡¹
guendagoria,ê§ ğºğ‘ˆğ¸ğ‘ğ·ğ´ ğºğ‘‚ğ‘…ğ¼ğ´ ê§‚
boccialorella,Lorella Boccia
ludwigofficial,IT'$ LUDWIG B!TCH
michelemerlo,Michele Merlo
__univeti,Univeti
nayt,NAYT
__situation__,Carlotta Cocins
brazocrew,Mauricio Vieira A - BrazoCrew
zerocalcare,zerocalcare
albertourso_official,Alberto Urso
adriano.occulto,Adriano Occulto
ravottimartina,Martina Ravotti
silvia_davenia,ğŸ‘‘ Silvia Dâ€™Avenia ğŸ‘‘
denise_carpentieri,DENISE
lasabrigamer,Sabrina Cereseto
michelapersico,Michela Persico
fabiomancini,Fabio Mancini
sofiaviscardi,sofia
jessica_dapozzo,Jessica Da Pozzo â˜½
izimuzic,IZI
vincenzo_cairo,Vincenzo Cairo
cecilia_zagarrigo,Cecilia Zagarrigo ğŸ€
carlomengucci,Carlo Mengucci
tessmasazza,Tess Masazza
giuls.izzo,GÎ¹Ï…â„“Î¹Î± IzzÏƒâœ¨
sespo,Edoardo Esposito ğŸ‘¼ğŸ»
carellaalessia,Alessia CarellağŸ€
morecosmaplease,COSMA
__merimaglione,__â„³eriâ„³aglioneâ£__
gianmarcovalenza,Gianmarco Valenza
selvaggiaroma_,SELVAGGIA
lorenzo_zurzolo,Lorenzo Zurzolo
stefanobuci,sbuci
francescabrambilla,Francesca Brambilla
manush_____,ManushğŸ‡®ğŸ‡¹
lucaepifani94,Luca Epifani
sarapiccione.official,SARA PICCIONE
nicolozaniolo,NicoloÌ Zaniolo
iamandreacerioli,ANDREA CERIOLI
albertonaska,Alberto Naska
emma_del_toro,Emma Del Toro
asiagianese,Asia Gianese
sarapagliaroli,Sara Pagliaroli
chiarastile,Chiara Stile Official
pierpaolopretelliofficial,Pierpaolo
francescatizzano,Francesca Tizzano
virginiaraffaele,Virginia Raffaele
giorgiaofficial,Giorgiaofficial
alecattelan,Alessandro Cattelan
violetta23,Violetta
mecontrote,Me contro Te | SofiÌ€ e LuiÌ€
andreadalcorso,ANDREA DAL CORSO
ariannacirrincione,ğ‘¨ğ’“ğ’Šğ’‚ğ’ğ’ğ’‚
valeriangione,Valeria Angione â˜€ï¸
shaylinka,ğ–² ğ–§ ğ–  ğ–¨ ğ–« ğ–    ğ–¦ ğ–  ğ–³ ğ–³ ğ–  ğŸŒ¸
iginio.massari,Iginio Massari
cristinamusacchio,CRISTINA
jessyfranceschetti,Jessica Franceschetti
silvialicius,Silvia Caruso
ultimopeterpan,Ultimo
andreapreti88,Andrea Preti
tizianoferro,Tiziano Ferro
chiara.na,Chiara Nascimben
andreiabacchini,AndreiağŸŒ»
mario_tricca_,Mario
alessiareato,AlessiaReato
ciaosonovirgi,Virginia Montemaggi
donze093,Alessandro Johan Donzella
camilamorrone,Camila Morrone
merisiel_irum,Merisiel
pietroboselli,Pietro Boselli
stefano.accorsi,Stefano Accorsi
amorelashytani,Amorela
siamoragazzii,Siamo Ragazzi
noncifermeremoperch,Non ci fermeremo perch
stupreme_,Stupreme
cerebrolesidituttiipaesi,Cerebrolesi di tutti i paesi
nesta,Alessandro Nesta
official_fattanza,Fattanza in abbondanza â„¢
saracarbonero,Sara Carbonero
emanuelemauti3,Emanuele Mauti
patriziachiappino,Patrizia Chiappino
samanthafrison,Samantha Frison
topcinquehorror,Horror
rebeccasodi,ğŸ‘ï¼¢ï¼¥ï¼¢ï¼¥ğŸ‘
alfaadf,ALFA
mariasole_pollio,â˜€ï¸MSP
donatellabuccino,DonatellaBuccino
iolandapaparo,Iolanda Paparo
alessandra.celentano,Alessandra Celentano
dilettamenta,Diletta Amenta
nicolo_barella,NicoloÌ Barella
oscarbranzani,Oscar Branzani
giulia.ristuccia,âœ¨ Giulia Ristuccia âœ¨
martina_nasoni_official_,ğŒğšğ«ğ­ğ¢ğ§ğš ğğšğ±
quadri.indie,quadri Indie
lacrivello,GIORGINAğŸ‡®ğŸ‡¹
ilvolomusic,Il Volo
eva_henger,Eva Henger
marco.is.here,Marco Cellucci
_emilife,Emi's Life ğŸ‡®ğŸ‡¹
martinacarusoi,Martina Caruso
violantebattaglia,Violante Battaglia
itsmarziapie,Marzia Kjellberg
francesconappoph,Francesco Nappo
biancabalti,Bianca Balti
valeriamorici,ValeriağŸ¤
eleolivieri,Eleonora Olivieri
giuliavalentina,Giulia Valentina
danielebossari,Daniele Bossari
tommasozorzi,Tommaso Zorzi
lorenzojova,lorenzojova
alessiamelpi,ğŸ€Alessia MelpignanoğŸ€
elena.berlato,ELENA
marchettino,Marco ğŸ‡®ğŸ‡¹
beatricevendramin,Beatrice Vendramin
roccosiffredi_official,Rocco Siffredi
lodocomello,ğŸ¿Lodovica ComelloğŸ¿
michelaquattrociocche,Miky
leo_boiboi,ğ‘¬ğ’ğ’†ğ’ğ’ğ’ğ’“ğ’‚ ğ‘©ğ’ğ’Š
sarettasaina,Ñ•arÉ™Ñ‚Ñ‚a Ñ•aÎ¹na
lamastronardi,Alessandra Mastronardi
themerluzz,Maurizio Merluzzo
jacopomalnati,Jacopo Malnati
ipantellas,ipantellas
sofia.barbie,Sofia Barbieri
mirkoscarcella,Mirko Scarcella
cristianocaccamo,Cristiano Caccamo
castellimarco,Marco Castelli
costantinovitagliano,â™› ğ˜¾ğ™Šğ™ğ™ğ˜¼ğ™‰ğ™ğ™„ğ™‰ğ™Š â™›
martina_finocchio,Martina Finocchio
therealauroragram,Aurora Ramazzotti
raffaella_pastore,Raffaella Pastore
virgitsch,VirgiTsch ğŸ’
iconize,Marco Ferrero
s17ne,Simone Etere (Î‘Î¹Î¸Î·ÌÏ)
floriana_messina,FLORIANA MESSINA
soniasghairi,Sonia Sghairi
iris_ferrari_,Iris Ferrari
giuliapenna_official,Giulia Penna
myss.keta,MÂ¥SS KETA
federicabeninca,Federica BenincaÌ€
aliceghisellini,AlyG
missmashafromrussia,Masha
sarahfelberbaum,Sarah Felberbaum
giuliasalemi,Giulia Salemi
maria_cuomo98,Maria Cuomo - FITNESS
federicofederossi,Federico Rossi
valentinalattanzio_youtube,Valentina Lattanzio
disperatamentemamma,Julia Elle
ilpancio,Andrea Panciroli
justgabbo,Gabriele Gaiba
nekfilipponeviani,Nek Filippo Neviani
gabryponte,gabry ponte
lauradamore_,ğŸŒ¸LAURA D'AMORE Â®ğŸŒ¸
pietro_tartaglione,Pietro Tartaglione
evariccobono,Eva Riccobono
francesca_michielin,Francesca Michielin
poetaurbano,Rocco Hunt
marisapassera,Marisa Passera
rosario_fiorello,Rosario Fiorello
sergioparisse,sergioparisse
insta_paolina,Paola Saulino ğŸ¯
amoremiioh,Amore Mio
lcuccarini,Lorella Cuccarini
j.axofficial,J-Ax
maddalena_corvaglia,Maddalena Corvaglia
alessandro_gassmann_official,Alessandro Gassmann Official
naomidecrescenzoreal,Naomi Selvaggia De Crescenzo
amore_adistanza_official,Amore a distanzağŸ‡®ğŸ‡¹ Frasi âœï¸
itsgiuliaguerrini,Giulia Guerrini
sofia_sofia9379,SOFIÌASOFIÌA
guendalinatavassi,Guendalina Tavassi
morena_avagliano_,Morena__ ğŸ‘„
rebecca_staffelli,Becky
elenamici,ElenaL
m16no,Andrea Migno
jaser182,Jaser
mila.suarez_,Mila SuarezğŸ§¿
kingmarracash,Marracash
francescanardo,Francesca Nardo
jennydenucci,J E N N Y NOT J E N N I F E R
elenasofiapicone,Elena Sofia
matteopelusi,Matt Pelusi - Matt & Bise
federic95ita,federic95itaÂ®
nathaly.caldonazzo,Nathaly Caldonazzo
antonio_moriconi11,ANTONIO MORICONI
rosalba,ROSALBAğŸ‘¼ğŸ»
alexander_rux,Alessandro Russiani__ğŸ’™
andrearanocchia,Andrea Ranocchia
eneabarozzi_,Enea Barozzi
jakidale,Jacopo Dâ€™Alesio
michelleputtini,Michelle
veroniicamacchi,Veroniica macchi
alessiamarcuzzi,ALESSIA MARCUZZI
digitalmodernfamily,Digital Modern Family
opheliamillaiss,Alice Pagani
twoplayersoneconsole,Stef & Phere
alex_mucci,ALEXIS
simonasalvemini,Simona Salvemini
l.cobelli,LUCA COBELLI
giuliettilini,Giulia Michelini
fabioattanasio,The Bespoke Dudes
lucaviganohappy,LUCA_VIGANÃ“
eugeniocolombodj,EUGENIO_COLOMBO
giacomohawkman,Giacomo Hawkman
giuliacalcaterra,S â„° L V Î› T I C Î› ğŸ•Š
dottolck,LUCA DOTTO
mario_sorrenti,mario_sorrenti
mahmood,Mahmood
nicolecereseto,Nicole Cereseto ğŸŒ»
alessia_prete_official,ALE â˜€ï¸
federicalelli,Federica â­ï¸
angelica_scaglione,Angelica Scaglione ğŸŒ
lebonwski,Salmo Official
robertomagro_,Roberto Magro
vegasjones,VEGGIE BELAIR
denisdosio,Denis Dosio
valeriolag,Valerio Lagnese ğŸ’˜
ibrastu97,Ibrahim Chaabt ğŸ’•
ambra_pazzani,Ambra Pazzani
lillymeraviglia,Lilly Meraviglia
vincenzotedesco97,Vincenzo Tedesco
teuzzo,Matteo Piano
awed__,Simone Paciello
christyswandj,Cristina Rescigni
shadesofbanana,Banana (Valentina Vernia)
roberryc,Roberta Carluccio
mikelamikii,MIKELA MIKI ğŸ‡¦ğŸ‡±ğŸ‡®ğŸ‡¹
showtime_gp,Giampaolo Calvaresi ( P.T. ) ğŸ¦
jodyjdc,JODY CECCHETTO
sara.disturco,Sara.disturco
gianluca__tornese,â€¢ ğ†ğˆğ€ğğ‹ğ”ğ‚ğ€ ğ“ğğ‘ğğ„ğ’ğ„ â€¢ âš¡ï¸
contiandrea12,Andrea ContiğŸ‡®ğŸ‡¹
kekko_bomba,Kekkobomba
michael_gambuzza,MICHAEL GAMBUZZA
letwins__,LeTwins-Ylenia e Nicole Burato
ambraofficial,Ambra Angiolini
dimartinoofficial,Dimartino
giuly___giuly__,ğŸŒ» ğŸ…¶ğŸ…¸ğŸ†„ğŸ…»ğŸ…¸ğŸ…° ğŸ…¿ğŸ†ğŸ…¾ğŸ…¸ğŸ…´ğŸ†ƒğŸ†ƒğŸ…¸ ğŸŒ»
stefanoguerrera,Stefano Guerrera
luigi_mastroianni,Luigi Mastroianni
arian_zamani,Arian Zamani ï®¼Ø§Ù“Ø±ÛŒÙ†â€ŒØ²Ù…Ø§Ù†ÛŒ ï®¼
alessia_cammy_,Alessiacammy
irene.capuanoo,Irene
gianluca_lapadula_official,Gianluca Lapadula
kissandmakeup01,NICOLE HUSEL
swamicaputo,Swami Caputo
frankymorbido,Franco Morbidelli
benjiefede,Benji & Fede
lorepelle7,Lorenzo Pellegrini
therealmarzaa,Francesco Marzano.
sofiasembiantee,stereotipo
ciliateresaofficial,Teresa Cilia Official
elebertoli,Eleonora Bertoli
ilaryblasi,Ilary Blasi
coezofficial,coezofficial
ludovicaolgiati,Ludovica Olgiati
playerinside,PLAYERINSIDE OFFICIAL
alessiamacari,Alessia Macari
francescomontereal,Francesco Maria Monte
michael_spampinato,Michael Spampinato ( Mich )
noyz79,Noyz Narcos
ceciliacantarano,CeciliağŸ’›
aless2ndro,@aless2ndro here.
alfosignorini,Alfonso Signorini
gabrydetti,Gabriele Detti
andreadovizioso,Andrea Dovizioso
rancore_official,RANCORE official
monicabellucciofficiel,Monica Bellucci
iamandreazelletta,Andrea Zelletta
inoobchannel,iNoob
white.essence,Catia Braccio ğŸ€
stella.manente.official,S T E L L A   M A N E N T E ğŸ‡®ğŸ‡¹
enock17,Enock Barwuah ğŸ‡®ğŸ‡¹â¤ï¸ğŸ‡¬ğŸ‡­âš¡ï¸ğŸ¦
tommasoparadiso,Tommaso Paradiso
chadiaarodriguez,CHADIA RODRIGUEZ
alessandra.moro,Alessandra Moro
manuel_achille_vallicella,MANUEL VALLICELLA
dariovignali,Dario Vignali
elodie,Elodie
virginiamontemaggi,Virginia MontemaggiğŸŒˆ
giuliomaggio.official,Giulio Maggio
carlyferly,Carlotta Ferlitoâ™¡
aury_sa21,Aury_sa21Â®ï¸
alicecarbotti,Alice Carbotti
francesco_mandelli,Francesco Mandelli
klaus,Klaus - Tudor Laurini
pierfrancescofavino,Pierfrancesco Favino
holyernia,Ernia
lapinadeejay,lapinadeejay
valentinadallari_,Valentina Dallari
cosedaragazzi_,Cose Da Ragazzi ğŸ˜ˆ
ghali,GHALI
sabrincasula,Sabrina
vero__ava,Vero Ava
angelachianello_real,Angela Chianello
eleonoracarisi,Eleonora Carisi
tmblurrr,Gianmarco Tocco
mattiaperin,Mattia Perin
clarissamoretta,clarissamoretta
saimon_mh,Simone Vandelli
ilsignordistruggere,Vincenzo Maisto
stefano.sturaro,Stefano Sturaro
emalloru,Emanuele Malloru
valebise,Valentino Bisegna-Matt & Bise
alessiamaccanti_,âš¡ï¸A L E S S I Aâš¡ï¸
surry,Surry
lauramolinapr,Laura Molina
ylenia_debellis,âœ¶ï½¡  ğŸŒ¸  Ñƒâ„“Ñ”Î·Î¹Î±  ğŸŒ¸ ï½¡âœ¶
miss_mamma_sorriso,ğ‘€ğ’¾ğ“ˆğ“ˆ ğ‘€ğ’¶ğ“‚ğ“‚ğ’¶ ğ’®ğ‘œğ“‡ğ“‡ğ’¾ğ“ˆğ‘œ
abate_gio,Giovanna Abate
daddatoo,Marta Daddato
amedeogrieco,Amedeo Grieco
brunellacacciuni,Brunella Cacciuni
lorenzofragola,ğŸ“
frasistronze.official,FRASI/MEME DIVERTENTI ğŸ˜‹
boroboro35,Boro Boro
stefano_cicchini,Content Creator âœˆ Travel&Food
beatricecossuu,BeağŸ¤
humansafari,NicoloÌ€ Balini
anastasio_quello,Marco Anastasio
damoremarco,Marco D'Amore
lucilla.jiggly,Lucilla Materazzi ğŸŒ™
serenaippolitoo,Serena Ippolito
saratomasoniii,ğ™ğ™–ğ™§ğ™– ğ™ğ™¤ğ™¢ğ™–ğ™¨ğ™¤ğ™£ğ™ ğŸ¯
alessandromontesi,Monte
sceglidivivere,Sceglidivivere Â®
dayanemelloreal,Dayane Mello
elenahazinah,ELEÌNA HAZINAH.
procopio_julia,J Procopio
therealhellen,Êœá´‡ÊŸÊŸá´‡É´
danielcosmic,Cosmic el PriÌnci
hydemagician,Hyde
b3nm,Benjamin Mascolo
danny_lazzarin,á´…á´€É´É´Ê ÊŸá´€á´¢á´¢á´€Ê€ÉªÉ´
sonopaolobonolis,Paolo Bonolis
llaurengibson,Lauren gibson
martinaatorre,ğŸ‘¸ğŸ¼MISS .MTğŸ‘¸ğŸ¼
gennilillio,Gennaro Lillio
chiaraxoxo02,Chiara Di Quarto
daniele_montani,Daniele montani
christina.bertevello,Bada$$ B Christina Bertevello
lyonwgf,WhenGamersFail
fuckshiva,SHIVA
luca_and_katy,Katia Brivio
seialloscientifico_official,Sei Allo ScientificoÂ®
frac77,francescacosta
folz.a,Anna Folzi
giorgy0506,Giorgia Rossi
ariannatriassi_official,Arianna Triassi ğŸ§âšœï¸
sabinoantonelli,Sabino Antonelli
mengonimarcoofficial,Marco Mengoni
melaniadallacosta,Melania Dalla Costa
giorgiochiellini,Giorgio Chiellini
salvodic1989,Salvatore Di Carlo
jstdrk,Just Drake
sigh.tanc,Tancredi Galli
diegolazzari_,Diego Lazzari
theladyxoxo,ğ„ğ¥ğğ¨ğ§ğ¨ğ«ğš ğ“ğšğ§ğ¢
maritbuccino,Maria Teresa Buccino
claudia.dorelfii,Claudia Dorelfi
alexmagix,Alessandro Parabiaghi
calcutta_foto_di,C A L C U T T A
inestrocchia,IneÌ€s Trocchia
ileniamunaretto,Ilenia Munaretto
leonciino,Lea Cuccaroni
rominapierdomenico,MINA FIRE
giorgiacaldarulo23,GIORGIA CALDARULO
brahmino,Simone Bramante
il_3official,IL TRE
williepeyote,Ludwig van Peyote
gre_rossetti,Greta Rossetti
mattiacaldara,Mattia Caldara
angelanastiofficial,Angela Nasti
martinasmeraldiofficial,MARTINA SMERALDIğŸ’š
zoda,zoda
gionnyscandalreal,GionnyScandal â€ ğŸ‘©ğŸ»â€ğŸ¤
robertdenitro,Nitro Wilson
barbarafrancescaovieni,Barbara Francesca Ovieni
twinsofficialpage,T W I N  S I S T E R SğŸŒˆ
francesca_labionda,Francesca Feola
vitoshade,Shade
francescosaverionozzolino,Francesco Saverio Nozzolino
gaiamaniglio_,Gaia Maniglio
roberto.gagliardini,Roberto Gagliardini
tommasoscalaofficial,Tommaso Scala
orgvsm,ORGVSM Â®
evamenta,Eva Menta
gaaiabianchii,gaia bianchi ğŸ‘¸ğŸ¼ğŸ’¸
davidevavala,davide vavalaÌ€
vallespaziale,Space Valley
ninazilliofficial,Ninja Zilli
mely.tejada_,Melissa Tejada â¥
tonyeffebaby777,TONY $O$A
sergiosylvestreofficial,Sergio SylVestre
mr_magnesio,Alessandro Andreini
franchino126,Franco126
virginiatomarchio,VirginğŸ¦‹
federicatoci_,Federica
ggoldivaa,ğ‘«ğ‘¬ğ‘³ğ‘­ğ‘° ğ‘´ğ‘¨ğ‘¹ğ‘»ğ‘°ğ‘µğ‘¬ğ’
maurorossiello,Mauro Ro$$iello ğŸ‘‘
tipaldi,ğŸ‡®ğŸ‡¹ ğŸ‡ºğŸ‡¸ Christian Tipaldi
martinabrondin,(mar)tina
capoplaza,Capo Plaza
mattiadesciglio2,Mattia De Sciglio Official
michelariganelli,Michela Riganelli
lady_s_dreamer,Greta De Santi
stefandevrij,Stefan de Vrij
martinapicardii,MARTINA PICARDI
imenjane,IMEN
macciocapatonda_official,Maccio Capatonda
daniruga,Daniele Rugani
raissarussi,Raissarussi
favij,Lorenzo Ostuni
carlocracco,Carlo Cracco
enriconigiotti,Enrico Nigiotti
ketama126,LIL KETY â„
simonezaza,Simone Zaza
kriswilson.italiaofficial,Kris Wilson Italia
rickygissss,Riccardo Gismondi
sicklukex2,SICK LUKE X2 ğŸ¦‡ğŸ¦‹
manuelaarcuri_official,Manuela Arcuri
valerio.mazzei,ValerioğŸº
goldengianpy,Gianpaolo Simonelli
perlab0rghini,XLA
peppe_cirivello,Peppe Cirivelloâœ¨
rebecca.gradoni,ğ–ª ğ—ˆ ğ—† ğ—ˆ ğ—‹ ğ–¾ ğ–» ğ—‚
ladivadeltubo,Alisha Griffanti ğŸ‘‘
asiabusciantellaa,ASIAğŸ¤
martina_francia,Martina Francia
hell_raton,Hell Raton | Manuelito
annapep3,AYYY ANNA ğŸ’¨ğŸ’•
leonardobru,Leo
stefanosensi12,Stefano Sensi
rossellalongo__,Rossella Longo
idaplatano,Ida
violini.luciana,Luciana Violini
giuseppe.spitalerii,Giuseppe Spitaleri Official
gigiyt,Luigi Puccianti
saulnanni,Saul Nanni
amedeoandreozzi.ig,AMEDEO  ANDREOZZI
miaceran,Mia Ceran
angeloduro,Angelo Duro
yleniagrambone,yle :(:
itsmuimui,Marina Mui
giooorgiamalerba,MALERBA
carlotta_tadolini,Carlotta Tadolini
manueldibernardoreal,ğ‘´ğ‘¨ğ‘µğ‘¼ğ‘¬ğ‘³ ğ‘«ğ‘° ğ‘©ğ‘¬ğ‘¹ğ‘µğ‘¨ğ‘¹ğ‘«ğ‘¶ â™›
nicolepallado,Nicole
maxfelicitas.official,Max Felicitas
rkomi,mirko
fabri_fibra,Fabri Fibra
federicamasolin,Federica Masolin
laurabragato,LAURA BRAGATO â™¥ï¸
maryamcheriff,Maryam ğŸ¦‹
hey.sober,SOBER
nyvofficial,NYV
rafael.nistor,Rafael Nistor
ryryprevedel,RYAN PREVEDEL
lericette.delladidisec,DilettaSecco
gaiamacula,GğŸ–¤
marco.grassi.painter,Marco Grassi
rubenparisi,RUBEN PARISI â€ 
chiaraverzella,chiaraverzella
linda_stabilini,Linda Stabilini
guglielmoscilla,willwoosh
francescaiannuariomelillo,Francesca Iannuario Melillo
dianadelbufalo,Diana del Bufalo
fishball_sg,Fi$H con la Gheng â˜ â¶â¶â¶ ğŸ‡®ğŸ‡¹ğŸ¡
samuele.fazzi,Samuele Fazzi
kingpompoms,KingğŸ‘‘
grealisisters,Greta And Alice ğŸ‘¥
darkwaynesantana777,WAYNE $ANTANA
homywankenobi,âœ¶âœ©HÌµÍÌ•ÌÌ‰Ì‰Ì½Ì“ÌÌ„Í—Í Ì³Ì¯Í™Ì¯Ì°Ì¬oÌ·myatol
michellecavallaroo,Michelle Cavallaro
michelangelo.vizzini,M I C H E L A N G E L O ğŸ‘¼ğŸ»
carlotta.peruffo,CP â™Œï¸
vittoriomagazzu,Vittorio MagazzÃ¹
tinacipollarioriginal,Tina Cipollari Original
jacknobile,Jack Nobile
alessiaferrante,ALESSIA FERRANTE
thechilicool,Alessia Milanese
alex_meret,Alex Meret
stefanobettarini1,â€¢ğ’ğ“ğ„ğ…ğ€ğğ ğğ„ğ“ğ“ğ€ğ‘ğˆğğˆâ€¢
annaciati,á´€É´É´á´€Ê€á´sá´‡
marymilano,Mariangela Milano
matiascaviglia.mc,Matias Caviglia
er.gennaro,ALESSANDRO SCARPA
doublecblogreal,Double C Blog Official â„¢
francescapreani,Francesca Preani
trustnotyler,Tyler Strikes ğŸ¤¹ğŸ»â€â™‚ï¸
drefgold,KANAGLIA
morichels,Esmeralda Morichelli
theblackboys_real,The Black Boys
carmineguadagno,Carmine ğŸŒ ğŸ’
__mister_z,Marco
lady_giorgia_official,giorgia
daniele_dal_moro,Denzel
francescochiofalo_,âŒFRANCESCO CHIOFALOâŒ
michelebravi,Michele Bravi
theofficialvalespo,Valespo
sickmadman,â“‚ï¸â“‚ï¸
2cellosofficial,2CELLOS
matt_zeero,Hi im Zeero
gretamenchi,BLODY
klaudiapoznanskaa,Klaudia Basia PoznanÌska
instamuscix,Muscix - Roberto Muscillo
cris_cutro,CRISTIAN CUTRONA ğŸ‘‰ğŸ»ğŸ‘ˆğŸ»ğŸ¥º
rosymaggiulli,Maggiulli Rosy
maggygioia,MaggyGioia
lacornali,Francesca Cornali
gioiaguidolotti,ğ’¢ğ’¾ğ‘œğ’¾ğ’¶ ğŸ‘¼ğŸ»
zangare,Jasmin
xoxoludo,Ludovica Minerva
deboraconigliaro,Debora Conigliaro
giovannibonaccinii,Giovanni Bonaccini
graziaditoma_official,Grazia Di TomağŸ³ï¸â€ğŸŒˆ
brisida.s,ğŸ‚ğŸ¥œğŸ¹ğŸ¥‚BRIBBIXğŸ¥‚ğŸ¯ğŸ©ğŸ¿
albericoyes,Alberico De Giglio
melissa_gilardi,meli
florin_vitan_official,FLORIN VITANÂ®
dimitri__tincano,DIMITRI DJğŸ”¥
tedua_wildbandana,VV
pierinotv,Pier Francesco Gentili
fabiolazzarinii,FABIO LAZZARINI
realgeolier2,RICH GUAPPâ€™
estebanfrigerioo,Ceo of Esteban Frigerio
kessy.tejada_,cassandra tejada
francesca_fioretti,Francesca Fioretti
aldopalmeri90,Aldo Palmeri
luigi.calagna,LuiÌ€ âš¡ï¸Me contro Te
iitsace,ace ğŸ’œ
thefrenchmole,FRENCHMOLE
ottavia.devivo,Ottavia De Vivo
usso96,Usso
camillabonardii,c a m i l l a
m_irko_01,Mirko Magliocco
patrizio_morellato,ğğ€ğ“ğ‘ğˆğ™ğˆğ ğŒğğ‘ğ„ğ‹ğ‹ğ€ğ“ğğŸ’”
giangidoppiaggi,GiangiDoppiaggi
simoneberlini,SIMONE BERLINI
marcoandmattiaa,Marco e Mattia Munda
antonydifra,Antony Di Francesco
gabriele_dechiara,gabriele ğŸ˜Š
jingherly,JingyğŸ¦¥
vivi.marcucci,start romanticizing ur life
davidemoccia,ğƒğšğ¯ğ¢ğğ ğŒğ¨ğœğœğ¢ğš âœª
massimopericolo,EMODRILL ğŸ’”
zedforzane,Riccardo Zanetti
beaxmartinez,Bea MartinezğŸ‘‘
rippanza,Filippo Alfieri
camillabortolami,milla
flavio.ercoli,Flavio Ercoli
gianrigo7,ğŸ‘©ğŸ¼â€ğŸ¤IPALBOYğŸŒŸ
matesyt,Mates
eliadibono,eliadibonoğŸ¦…
michelangelo,MICHELANGELO aka â€œXâ€
juniorcally,JUNIOR CALLY
biancasparkless,BIANCA SPARKLES
callmebucci,Alessio BuccinnaÌ€
_filippoandreoni_,Filippo Andreoni
vegasyt,Vegas - Giuseppe Greco
samueledimartino_,Samuele Di Martino
samuelebrignoccolo,Samuele Brignoccolo
_giadabosetti_,
fabio_ferrara_,Fabio Ferrara
_erikaricci_,Erika Ricci
giorgiaa46,Giorgia Cavalluzzo ğŸ
claudia_culotta,
draghetto86,Vincenzo Langella
